{"accuracy_score": 0.973333333333334,
 "precision_score": 0.02428526293691879,
 "recall_score": 0.873333333333334,
 "f1_score": 0.20352896254670304,
 "roc_auc_score": 0.545416296296296,
 "CrossEntropyLoss": 2.205396611480713,
 "inference_time": 9.67331743240356,
 "model_parameters_count": 45723975}