{"accuracy_score": 0.07973333333333334,
 "precision_score": 0.012428526293691879,
 "recall_score": 0.07973333333333334,
 "f1_score": 0.020452896254670304,
 "roc_auc_score": 0.5255416296296296,
 "CrossEntropyLoss": 3.205366611480713,
 "inference_time": 86.67331743240356,
 "model_parameters_count": 147512729}